model,accuracy,auc,f1_score,cm,training_time(ms),testing_time(ms)
VotingClassifier,0.9021739130434783,0.9013229760893312,0.9150943396226415,"[[69  8]
 [10 97]]",1435.5239868164062,29.400348663330078
StackingClassifier,0.8804347826086957,0.8771695594125501,0.897196261682243,"[[66 11]
 [11 96]]",4981.812953948975,40.83561897277832
